,노래제목,가수
0,Violet!,Waterparks
1,Quit,Hedley
2,Good Mood (Original Song From Paw Patrol: The Movie),Adam Levine
3,Freaking Out,A R I Z O N A
4,Paycheck,"ROOKIES, New Hope Club"
5,When You're Gone,Shawn Mendes
6,Love Runs Out,Great Good Fine OK
7,Like Hell,Wells*
8,Never Nervous,farfetch'd
9,I Believe,Jonas Brothers
10,Can We Make It? (Jim Carrey),Valley
11,Mindreader,Yueku
12,What Everybody Wants,Chelsea Cutler
13,That's What Makes Me Love You,The Regrettes
14,Thank God You Introduced Me to Your Sister,Sarah Barrios
15,"L.O.V.E. (Feat. EARTHGANG, Jon Batiste & Sherwyn)",Yung Bae
16,love me better,joan
17,Not About Love,AJ Mitchell
18,Who Doesn't Love Love,FO&O
19,April,Goody Grace
20,Win Anyway,Walk The Moon
21,Break Your Phone,Nick Tangorra
22,History,Mitch James
23,Potential,Foxes
24,POP!,나연 (TWICE)
25,LOVE DIVE,IVE (아이브)
26,Girls,aespa
27,Touch My Body,씨스타
28,That That (prod. & feat. SUGA of BTS),싸이 (PSY)
29,STAY,"The Kid LAROI, Justin Bieber"
30,TOMBOY,(여자)아이들
31,롤린 (Rollin'),브레이브걸스
32,SNEAKERS,ITZY (있지)
33,멜로디,ASH ISLAND
34,GANADARA (Feat. 아이유),박재범
35,작은 것들을 위한 시 (Boy With Luv) (Feat. Halsey),방탄소년단
36,불타오르네 (FIRE),방탄소년단
37,Next Level,aespa
38,Step Back,GOT the beat
39,LALISA,리사 (LISA)
40,눈누난나 (NUNU NANA),제시 (Jessi)
41,Bad Habits,Ed Sheeran
42,WANNABE,ITZY (있지)
43,RUN2U,STAYC(스테이씨)
44,That's What I Like,Bruno Mars
45,빨간 맛 (Red Flavor),Red Velvet (레드벨벳)
46,라일락,아이유
47,Good Boy Gone Bad,투모로우바이투게더
48,달라달라,ITZY (있지)
49,Dun Dun Dance,오마이걸 (OH MY GIRL)
50,CHEER UP,TWICE (트와이스)
51,아주 NICE,세븐틴
52,Dynamite,방탄소년단
53,24K Magic,Bruno Mars
54,Power Up,Red Velvet (레드벨벳)
55,강남스타일,싸이 (PSY)
56,There's Nothing Holdin' Me Back,Shawn Mendes
57,Galway Girl,Ed Sheeran
58,Savage,aespa
59,Winwin,브로스
60,Blueming,아이유
61,Savage Love (Laxed - Siren Beat) (BTS Remix),"Jawsh 685, Jason Derulo, 방탄소년단"
62,Panorama,IZ*ONE (아이즈원)
63,Uptown Funk (Feat. Bruno Mars),Mark Ronson
64,뱅뱅뱅 (BANG BANG BANG),BIGBANG (빅뱅)
65,LOCO,ITZY (있지)
66,Celebrity,아이유
67,거짓말,BIGBANG (빅뱅)
68,How You Like That,BLACKPINK
69,Congratulations (Feat. Quavo),Post Malone
70,2002,Anne-Marie
71,Not Shy,ITZY (있지)
72,시작,가호 (Gaho)
73,I Don't Care,"Ed Sheeran, Justin Bieber"
74,It's Only A Heartbreak,Dagny
75,Gimme Gimme,Johnny Stimson
76,Soap,Emily Roberts
77,Sour Strawberry,Caroline Manning
78,Awkward,Jens
79,Pill For This (Uptempo),Sam DeRosa
80,want want,Ffion
81,Someone Else,TRXD
82,seriously just stop (Loote remix),somegirlnamedanna
83,Perf,Baby Ariel
84,Kisses For Breakfast,Kiara Nelson
85,I'm Yours,Jason Mraz
86,Glue,Lil Halima
87,Downfalls,Cally Rhodes
88,BESTIES,Emily Zeck
89,Complicated,Eves Karydas
90,Princess Peach,Johnny Stimson
91,Notebook,Melanie Martinez
92,Bubble,Zom Marie
93,The Weekend,"HRZON, reon"
94,Priority,Dominique
95,HALO HALO (feat. Chevy),Shawn Wasabi
96,Pretty Girl (Cheat Codes X CADE Remix),Maggie Lindemann
97,Trainwreck,KELLA
98,common sense,"d.r.w.s., Kole, Ariza"
99,Chase For Your Love,Askling
100,Sad To See You Happy,Olivia Lunny
101,Nice,Asmik
102,Lipstick,Shaylen
103,Losers,Frawley
104,Someone Else (Feat. Wiktoria),"Bastiaan, Jens"
105,90s Kids,JAX
106,Good Thing,Suriel Hess
107,Shine (Feat. Willy Winarko),"Kim!, NSG"
108,Bad Girlfriend,Olivia Holt
109,Blue Skies (Feat. Katie Sky),Kisma
110,my boo,"Ninski, Harina"
111,Gravity,Yorke
112,I Heard It Through The Grapevine,Campsite Dream
113,Sweater Collection,Lo Lo
114,Keep Your Love On Me (Oliver Nelson & Tobtok Remix) (Feat. Gabriella Vixen),Freed-O
115,Plot Twist (Feat. Kyle),Marc E. Bassy
116,Like A Diamond,PW Music
117,19,Lazy Weekends
118,The Way I Are (Dance With Somebody) (Feat. Lil Wayne),Bebe Rexha
119,MEDICINE (feat. Tia Scola) [extended mix],Shawn Wasabi
120,Pick Me,Wafia
121,Don't Complicate It,Ea Kaya
122,One of Those Days,Josie Man
123,Done,Nikki Vianna
124,ㅎㅇ (Feat. PENOMECO) (Prod. GroovyRoom),이바다
125,Shut Up & Groove (Feat. DEAN),헤이즈 (Heize)
126,LOVIN' U (Feat. pH-1),SOLE (쏠)
127,웬수 (Feat. BIBI),지코 (ZICO)
128,자나깨나 (Feat. 조이 of Red Velvet),Crush
129,척 (Feat. 10CM),세훈&찬열
130,R U Ridin'?,백현 (BAEKHYUN)
131,쉬가릿,비비 (BIBI)
132,Savage (Feat. Coogie),Vangdale
133,Yes I need (Feat. jeebanoff),Lym en
134,Can't Stop Loving You,에스디 (As D)
135,We don't talk together (Feat. 기리보이) (Prod. SUGA),헤이즈 (Heize)
136,Paint Laurent,김뮤지엄 (KIMMUSEUM)
137,잠수함 (Submarine),"Hoody (후디), Bronze (브론즈)"
138,WE (Feat. SOLE),DAHEE
139,미끌미끌 (Feat. Crush) (Slip N Slide),SOMDEF (썸데프)
140,여기 적어줘 (Feat. pH-1),청하
141,잘 지내요 Bye,MAY (메이)
142,RUNAWAY,브린 (Bryn)
143,먼저 갈게 (Feat. KURO),태리 (Terry)
144,Drawing,하웅 (Hawoong)
145,모래,장수빈
146,All I Got (Prod. POLO),POLO (폴로)
147,요즘 어때? (feat.김선재) [prod.mnsx],kumira
148,Instant date (Art. Kumira (쿠미라)) (Feat. CIKI),Anonymous Artists
149,Let us talk (Prod. HOLLY),서사무엘 (Samuel Seo)
150,"All I Wanna Do (K) (Feat. Hoody, Loco)",박재범
151,"네가 좋으면 나도 좋아 (feat. Nason, Loomboy)",kumira
152,"금붕어 (Song By KODI GREEN, Kaution)",KozyPop
153,Deja Vu (feat. FR:EDEN),숨셔
154,Close To Me (Feat. day.N),BNJX (밴젝스)
155,Sunset (Feat. Uvo),bcalm
156,Overfill,Myle.D
157,Baby you (With Joonand),해리 (HAERI)
158,Cereal (Feat. ZICO),Crush
159,Always Afternoon (Feat. Wilcox),이날(YNR)
160,AUTOMATIC REMIX,"챈슬러, 박재범, 이하이, 비비 (BIBI), JAMIE (제이미), 문수진 (Moon Sujin), 범키, 서사무엘 (Samuel Seo), SURAN (수란), 베이빌론 (Babylon), Hoody (후디), SUMIN (수민), 마샬 (MRSHLL), Ann One, ELO, 트웰브 (twlv), oceanfromtheblue, 지젤 (Jiselle), SOLE (쏠), THAMA, Kvsh (캐시), JINBO, 저드 (jerd), 수비 (Soovi), B.E.D. (베드), Xydo (시도), 오웰무드 (Owell Mood), NONE"
161,Privacy (feat. QM),도나 (DONNA)
162,구름 (Feat. Sayyoung),kenessi
163,Bungee,백현 (BAEKHYUN)
164,Moon Blue,GRAY (그레이)
165,Outside (Feat. Beenzino),Crush
166,용기,김종완 of NELL
167,무지개는 있다 (Acoustic ver.),오왠 (O.WHEN)
168,나의 봄은,이수현
169,날아,이승열
170,위로,권진아
171,함께,노을
172,혼자라고 생각말기 (슈퍼스타 K5 송희진 오디션 참가곡),김보경 (NEON)
173,괜찮아,다운 (Dvwn)
174,새벽,장희원
175,Dreaming,김수현
176,꿈을 꾼다,서영은
177,오늘 같은 날엔 (OST Remastered Ver.),드레인 (Drain)
178,그때 그 아인,김필
179,떠날 수 있을까,옥상달빛
180,오늘을 보낸다,이설아
181,기도,윤하 (YOUNHA)
182,흔들흔들,헨
183,Moonlight,Sondia
184,느린 걸음,"윤지온, 남영주"
185,어항,스텔라장 (Stella Jang)
186,Someday,아이유
187,너의 하루는 어때?,앤씨아
188,어른이 되는 중,조은애
189,웃어요,"한희정, 1041"
190,응원,곽진언
191,나의 꿈은,Jade
192,살다가보면,정인
193,내가 가는 길,WABLE (와블)
194,Dear Moon,제휘
195,너의 얘길 들어줄게,윤미래
196,Still Fighting It,이찬솔
197,긴 밤이 지나도 꽃은 필 거야,강혜인
198,보통의 하루,정승환
199,내일,한희정
200,꿈을 따라가,이상은 (=Lee-tzsche)
201,영화 속에 나오는 주인공처럼,펀치 (Punch)
202,다시 산다면,김필
203,Blue Bird,에일리(Ailee)
204,나와 (With Me),바닐라 어쿠스틱
205,어른,Sondia
206,꽃길 (Prod. By ZICO),김세정
207,아이와 나의 바다,아이유
208,소나기,아이오아이 (I.O.I)
209,도망가자 (Run With Me),선우정아
210,먼저 말해줘 (Farewell),태연 (TAEYEON)
211,터널,김세정
212,비밀 (Secret),태연 (TAEYEON)
213,다시 산다면,김필
214,생애 (LIFE),선우정아
215,"당신이 지나간 자리, 꽃",HYNN (박혜원)
216,깊은 밤을 보내줘요,오왠 (O.WHEN)
217,화분,김세정
218,별이되어,공기남
219,Love poem,아이유
220,오늘밤 잠 못 이루는 그대에게,류안
221,목소리,김필
222,오늘은 그런 날이야,안희수
223,잠이 오지 않는 오늘,메리애플
224,짐,러비 (LOVEY)
225,"수고했어, 오늘도",옥상달빛
226,그대 오늘도 잘해냈어요,최한솔
227,서울살이,유승우
228,직업병,옥상달빛
229,흐르는 시간 속에 우리는 아름다워 (Album Ver.),위수 (WISUE)
230,나의 하루는 너무 길다,안녕하신가영
231,위로,권진아
232,종이비행기,우수한 (OOSU:HAN)
233,나의 작은 별에게 (Dear my little star),정예원 (YEWON)
234,토닥토닥,백아
235,안녕 푸른 나의 별,홍재목
236,어른이,새벽공방
237,답을 찾지 못한 날,윤하 (YOUNHA)
238,Stars,로시 (Rothy)
239,너무 아파,임헌일
240,겨우...,최문석
241,아프지 말고 아프지 말자,우연수
242,나도 나를 사랑하지 않나 봐,정연수
243,"이 밤, 걷고싶어",혁민
244,너는 나의 숨 (Feat. Boogie),Siren in Peace
245,깨진 유리 위를 걷다,피콕 그린
246,Lean on me (2020) (Feat. 이원규),원효연
247,습관,몽니
248,밤하늘의 별,아웃오브캠퍼스
249,익숙해진 모든 것,위수 (WISUE)
250,별,이소라
251,너와 나의 우주 속에,김마리
252,물음표가 가득한 나의 밤,조소정
253,저 별은 외로움의 얼굴,다린
254,너무 행복할 땐 갑자기 슬퍼지기도 해,정해일
255,Frame,byvinyl
256,not even the friendzone,Bassti
257,Official Tea Taster,Lame Kids
258,It's Rained All Day,Jaeden Camstra
259,hello,Elijah Who
260,lonely,Two Sleepy
261,Umbrella,Jinsang
262,Goodgrief,Nohidea
263,Emerald,KUPLA
264,dozing off,BROCKBEATS
265,sand,Two Sleepy
266,너가 없는 화성은 외로워,bearonthemars
267,i just met a girl on the mars,bearonthemars
268,Homecoming,Kid Taro
269,Last Breath,Eevee
270,bye blue,lofi
271,waiting for you,nawhij
272,Thinking of U,Caleb Belkin
273,marina,dust and moonlight
274,Moon,Mt. Fujitive
275,That night,heyden
276,palette,hartts (하츠)
277,"favorite things (Feat. shirt, Chan)",HAAN
278,Bounty,Sonny Zero
279,Beyond the Stars (Feat. Ashley Alisha),뎁트
280,MOVIE,JUNNY (주니)
281,homebody (feat. dori),정바스
282,Angel (Feat.태연),챈슬러
283,STAR,토미어 (TOMMIER)
284,Round And Round,김뮤지엄 (KIMMUSEUM)
285,Mine,"범키, SURAN (수란), dress"
286,365&7 (Feat. JAMIE),pH-1
287,solo,"JUNNY (주니), lullaboy"
288,"비춰줄거니까 (Feat. Chan, benzamin)",HAAN
289,녹아,gump
290,러브,Austn (오스틴)
291,Magnolia,Aden (에이든)
292,"밤, 결",크르르
293,Beautiful,nynas
294,사랑은 타이밍,폴킴
295,꽃,구름
296,WRONG,Austn (오스틴)
297,vacation,Sweet The Kid
298,2 O' CLOCK,dori
299,highway love (Feat. NASON),polar (폴라)
300,PILLOW,Wynn (윈)
301,밤이 들려주는 밤 (Feat. Bas bao),Bin boy
302,Overfill,Myle.D
303,It's You (Feat. ZICO),샘김 (Sam Kim)
304,orange sky,oftn (오픈)
305,josee!,데이먼스 이어 (Damons year)
306,생각보다,윤현상
307,Can We Be Together,Sarah Kang
308,About Us (Feat. Filipe Santos),vvav (웨이브)
309,Every Night,JOE CHO
310,NO MORE (Acoustic Version),ASHLEY ALISHA
311,Express Moon,조유리
312,you won’t be there for me,slchld
313,Uh-Oh,(여자)아이들
314,You can't sit with us,선미
315,다섯 번째 계절 (SSFWL),오마이걸 (OH MY GIRL)
316,ICY,ITZY (있지)
317,쩔어 (GD & T.O.P),BIGBANG (빅뱅)
318,Lip & Hip,현아
319,신바람,비투비
320,너에게,구구단 (gugudan)
321,Better,보아 (BoA)
322,음 (Mmmh),카이 (KAI)
323,Dream of You (with R3HAB),"청하, R3hab"
324,미치GO (GO),G-DRAGON
325,Happier,J.Fla
326,ISLAND,WINNER
327,GOLD,Wanna One (워너원)
328,9와 4분의 3 승강장에서 너를 기다려 (Run Away),투모로우바이투게더
329,꽃 길,BIGBANG (빅뱅)
330,빈칸을 채워주시오,볼빨간사춘기
331,분홍신,아이유
332,Cloud 9,CRAVITY
333,으르렁 (Growl),EXO
334,Sherlock.셜록 (Clue+Note),SHINee (샤이니)
335,DUMB DUMB,전소미
336,Mr. Chu,Apink (에이핑크)
337,어느날 머리에서 뿔이 자랐다 (CROWN),투모로우바이투게더
338,Trouble Maker,트러블메이커
339,끼부리지마,WINNER
340,그 애 참 싫다,아이유
341,Fine,태연 (TAEYEON)
342,Ko Ko Bop,EXO
343,Oh Yeah (Feat. 박봄),GD&TOP
344,I (Feat. 버벌진트),태연 (TAEYEON)
345,어질어질 (Outta My Head),전소미
346,잔소리 (With 2AM 슬옹),아이유
347,잘나가서 그래 (Feat. 정일훈 Of BTOB),현아
348,LALALILALA,에이프릴 (APRIL)
349,좋은 사람 있으면 소개시켜줘,조이 (JOY)
350,SoulMate (Feat. 아이유),지코 (ZICO)
351,Love U,청하
352,마리아 (Maria),화사 (Hwa Sa)
353,Don't Call Me,SHINee (샤이니)
354,This Love,BIGBANG (빅뱅)
355,JUMPER,CRAVITY
356,LOVE ME RIGHT,EXO
357,이 지금,아이유
358,Twilight,Wanna One (워너원)
359,FOOL,WINNER
360,AH YEAH (아예),WINNER
361,One Of A Kind,G-DRAGON
362,WE LIKE 2 PARTY,BIGBANG (빅뱅)
363,슈퍼카,헤이즈 (Heize)
364,Right away (Feat. pH-1),쿠기 (Coogie)
365,SUMMERIDE,박재범
366,Dive with you (feat. eaJ),Seori
367,PADO,비비 (BIBI)
368,"Hula Hoops (Feat. Beenzino, 화사)",DPR LIVE
369,떠 버릴래 (Feat. UNE),BewhY (비와이)
370,No Ex (Prod. 썸데프),"기리보이, 팔로알토 (Paloalto)"
371,만약에,블루 (BLOO)
372,LEAVE ME.,jeebanoff (지바노프)
373,Rise (Feat. DeVita),GRAY (그레이)
374,"Somewhere (Feat. GRAY, Hoody, ELO & DeVita)",GooseBumps (구스범스)
375,여기저기거기 (Feat. 수퍼비),범키
376,Chill (Feat. Sik-K),Crush
377,"Blue (Feat. Crush, SOLE)",다이나믹 듀오
378,Summer Tights,DPR LIVE
379,BOOL (Feat. Beenzino) (Prod. Mokyo),pH-1
380,Yummy (Feat. Crush) (Prod. By Cha Cha Malone),박재범
381,Highway,트웰브 (twlv)
382,"Party (Feat. Jhnovr, pH-1)",SLO (슬로)
383,"twirl (Feat. 스윙스, Kid Milli)",JINBO
384,Afternoon,"박재범, 지소울 (GSoul), pH-1"
385,잠수함 (Submarine),"Hoody (후디), Bronze (브론즈)"
386,광안리101,"짱유 (JJANGYOU), YUNHWAY"
387,도쿄 (Feat. 유라 (youra)),기리보이
388,"한량 (Feat. Paloalto, 이영지)",트웰브 (twlv)
389,만화영화 (Cartoon),지코 (ZICO)
390,Summer!,"수퍼비 (SUPERBEE), UNEDUCATED KID, 트웰브 (twlv), Yuzion"
391,(Bonus Track) 휴가 (Feat. 최엘비),한요한
392,"SUMMER 19' (Feat. Jhnovr, Benzamin)",NO:EL
393,make her dance (Feat. Loopy & Crush),사이먼 도미닉
394,"WATER (Feat. Woodie Gochild, pH-1, 김하온 (HAON), Jay Park) (Prod. GooseBumps)",식케이 (Sik-K)
395,DRIVE (Feat. GRAY),박재범
396,Martini Blue,DPR LIVE
397,Cruise (Feat. Coogie),"BOYCOLD, 1MILLION"
398,Joy (Feat. Ted Park),팔로알토 (Paloalto)
399,YACHT (k) (Feat. Sik-K),박재범
400,Oasis (Feat. ZICO),Crush
401,태양 (Feat. 챈슬러),개리
402,Down,제시 (Jessi)
403,Moscato d'Asti (Feat. Chancellor),레디 (Reddy)
404,OHIO,Crush
405,VODKA & LEMON SHOT (2018 Nu Mix),SAAY
406,Tequila (Feat. Hoody),지소울 (GSoul)
407,Ay (Feat. SillyBoot),"Hash Swan, dkash (디캐시)"
408,Summer Go Loco (Feat. GRAY),로꼬
409,Summer in 82,"수퍼비 (SUPERBEE), myunDo"
410,뜨거워 완전 Totally Hot (Feat. 던밀스),ZENE THE ZILLA
411,대학교 축제,"수퍼비 (SUPERBEE), UNEDUCATED KID"
412,Boys And Girls (Feat. Babylon),지코 (ZICO)
413,"Try Everything (From ""Zootopia""/Soundtrack)",Shakira
414,"When Will My Life Begin? (From ""Tangled"" / Soundtrack Version)",Mandy Moore
415,"For the First Time in Forever (From ""Frozen""/Soundtrack Version)","Kristen Bell, Idina Menzel"
416,They Don't Know,Ariana Grande
417,Another Day Of Sun,La La Land Cast
418,How Long Will I Love You,"Jon Boden, Sam Sweeney, Ben Coleman"
419,"Love Is an Open Door (From ""Frozen""/Soundtrack Version)","Kristen Bell, Santino Fontana"
420,"How Far I'll Go (From ""Moana""/Soundtrack Version)",Auli'i Cravalho
421,"One Jump Ahead (From ""Aladdin""/Soundtrack Version)",Mena Massoud
422,Alfie's Song (Not So Typical Love Song),Bleachers
423,Make It Shine (Victorious Theme) (Feat. Victoria Justice),Victorious Cast
424,Way Back Into Love,Hugh Grant
425,Leave It All To Me (Theme From iCarly) (Feat. Drake Bell),Miranda Cosgrove
426,There's Nothing Holdin' Me Back,"Tori Kelly, Taron Egerton"
427,Tomorrow Starts Today (Andi Mack Theme Song),Sabrina Carpenter
428,"Start of Something New (From ""High School Musical""/Soundtrack Version)","Troy, Gabriella"
429,Mamma Mia (From 'Mamma Mia!' Original Motion Picture Soundtrack),Meryl Streep
430,Someone In The Crowd,"Callie Hernandez, Emma Stone, Jessica Rothe, Sonoya Mizuno"
431,"Under the Sea (From ""The Little Mermaid"" / Soundtrack Version)",Samuel E. Wright
432,"Some Things Never Change (From ""Frozen 2""/Soundtrack Version)","Kristen Bell, Idina Menzel, Josh Gad, Jonathan Groff, Cast of Frozen 2"
433,"High School Musical (From ""High School Musical 3: Senior Year""/Soundtrack Version)",High School Musical Cast
434,"Just for a Moment (From ""High School Musical: The Musical: The Series"")","Olivia Rodrigo, Joshua Bassett"
435,About Love (From The Netflix Film “To All The Boys: P.S. I Still Love You”),MARINA
436,"Touch The Sky (From ""Brave""/Soundtrack)",Julie Fowlis
437,Could Have Been Me,Halsey
438,You Belong To Me (Album Version),Jason Wade
439,The Best Of Both Worlds,Hannah Montana
440,"Dancing Queen (From ""Mamma Mia! Here We Go Again"")","Colin Firth, Stellan Skarsgard, Amanda Seyfried, Christine Baranski, Julie Walters, Pierce Brosnan"
441,This Is Me,"Keala Settle, The Greatest Showman Ensemble"
442,Mid Air,Paul Buchanan
443,Up,Sing Street
444,Move Your Feet / D.A.N.C.E. / It's A Sunshine Day,"Anna Kendrick, Gwen Stefani, James Corden, Ron Funches, Walt Dohrn, Caroline Hjelt, Aino Jawo, Kunal Nayyar"
445,"A Whole New World (From ""Aladdin""/Soundtrack Version)","Mena Massoud, Naomi Scott"
446,"Where You Are (From ""Moana""/Soundtrack Version)","Auli'i Cravalho, Christopher Jackson, Louise Bush, Nicole Scherzinger, Rachel House"
447,Drive It Like You Stole It,Sing Street
448,Trolls Wanna Have Good Times,"Anna Kendrick, Justin Timberlake, James Corden, Ester Dean, Icona Pop, Kenan Thompson, The Pop Trolls"
449,Everything I Need (Film Version),Skylar Grey
450,Lie To Me,"Marphil, Yann Muller, Sylow"
451,dna,LANY
452,Mariposa,Peach Tree Rascals
453,Counts,Sam MacPherson
454,Click,Jake Miller
455,Boston,Alec Chambers
456,Love Back,Why Don't We
457,I Need a Night Out,Chelcee Grimes
458,What Makes You Beautiful,One Direction
459,Million Ways,HRVY
460,Skyline,Madism
461,tomorrow tonight,Loote
462,Last Call,Hudson Thames
463,"Just for a Moment (From ""High School Musical: The Musical: The Series"")","Olivia Rodrigo, Joshua Bassett"
464,I'm Done,"Aeden, Elliot Kings, Michael Van Wagoner"
465,Bad For You (feat. 90's Kids),Midnight Kids
466,Sugar Bomb,Christin
467,Jet Lag (Feat. Natasha Bedingfield),Simple Plan
468,24/Seven,Big Time Rush
469,Live While We're Young,One Direction
470,Hate You + Love You (Feat. AJ Mitchell),Cheat Codes
471,Victoria,Thomas Headon
472,90s Kids,JAX
473,Movie Star,JTR
474,What Am I,Why Don't We
475,Bonfire,Peder Elias
476,Gonna Be,Emma Jaye
477,Apricots,MAY-A
478,All 4 Nothing (I'm So In Love),Lauv
479,Lovers On The Moon,AJ Mitchell
480,I Like It Like That (Feat. New Boyz),Hot Chelle Rae
481,Cruel,The Veronicas
482,Our Song,"Anne-Marie, Niall Horan"
483,What The Hell,Avril Lavigne
484,Me Too,Meghan Trainor
485,Live It Up,Brie
486,Fridays Are Forever,FO&O
487,We Are Never Ever Getting Back Together (Taylor's Version),Taylor Swift
488,Just Friends,Why Don't We
489,Better Alone,Peder Elias
490,Girlfriend,Avril Lavigne
491,Sunshower,Ruben Dawnson
492,High,5 Seconds of Summer
493,Loving You Girl (Feat. Hkeem),Peder Elias
494,"always, i'll care",Jeremy Zucker
495,everything,John K
496,i'm so tired...,"Lauv, Troye Sivan"
497,Cosmic Coming of Age,Fickle Friends
498,Tell Me I'm Pretty,Brynn Elliott
499,Peach Pit,Peach Pit
